Account	Campaign	Campaign Type	Campaign Status	Budget	Networks	Languages	Location	Bid Strategy Type	Ad Group	Ad Group Status	Max CPC	Keyword	Criterion Type	Status	Ad type	Final URL	Path 1	Path 2	Headline 1	Headline 2	Headline 3	Headline 4	Headline 5	Headline 6	Headline 7	Headline 8	Headline 9	Headline 10	Headline 11	Headline 12	Headline 13	Headline 14	Headline 15	Description 1	Description 2	Description 3	Description 4
357-892-7161	SVD - Promocao 10 Anos	Search	Paused	50	Google search	pt	Brazil	Manual CPC																													
357-892-7161	SVD - Promocao 10 Anos											gratis	Campaign Negative Phrase	Enabled																							
357-892-7161	SVD - Promocao 10 Anos											gratuito	Campaign Negative Phrase	Enabled																							
357-892-7161	SVD - Promocao 10 Anos											emprego	Campaign Negative Phrase	Enabled																							
357-892-7161	SVD - Promocao 10 Anos											vaga	Campaign Negative Phrase	Enabled																							
357-892-7161	SVD - Promocao 10 Anos											vagas	Campaign Negative Phrase	Enabled																							
357-892-7161	SVD - Promocao 10 Anos											curso	Campaign Negative Phrase	Enabled																							
357-892-7161	SVD - Promocao 10 Anos											como funciona	Campaign Negative Phrase	Enabled																							
357-892-7161	SVD - Promocao 10 Anos											o que é	Campaign Negative Phrase	Enabled																							
357-892-7161	SVD - Promocao 10 Anos											piramide	Campaign Negative Phrase	Enabled																							
357-892-7161	SVD - Promocao 10 Anos											golpe	Campaign Negative Phrase	Enabled																							
357-892-7161	SVD - Promocao 10 Anos											reclame aqui	Campaign Negative Phrase	Enabled																							
357-892-7161	SVD - Promocao 10 Anos											download	Campaign Negative Phrase	Enabled																							
357-892-7161	SVD - Promocao 10 Anos											crack	Campaign Negative Phrase	Enabled																							
357-892-7161	SVD - Promocao 10 Anos											planilha	Campaign Negative Phrase	Enabled																							
357-892-7161	SVD - Promocao 10 Anos											excel	Campaign Negative Phrase	Enabled																							
357-892-7161	SVD - Promocao 10 Anos											hinode	Campaign Negative Phrase	Enabled																							
357-892-7161	SVD - Promocao 10 Anos											mary kay	Campaign Negative Phrase	Enabled																							
357-892-7161	SVD - Promocao 10 Anos											natura	Campaign Negative Phrase	Enabled																							
357-892-7161	SVD - Promocao 10 Anos											herbalife	Campaign Negative Phrase	Enabled																							
357-892-7161	SVD - Promocao 10 Anos											jeunesse	Campaign Negative Phrase	Enabled																							
357-892-7161	SVD - Promocao 10 Anos								Sistema MMN	Paused	6.00																										
357-892-7161	SVD - Promocao 10 Anos								Sistema MMN		6.00	sistema mmn	Phrase	Enabled																							
357-892-7161	SVD - Promocao 10 Anos								Sistema MMN		6.00	software mmn	Phrase	Enabled																							
357-892-7161	SVD - Promocao 10 Anos								Sistema MMN		6.00	sistema para mmn	Phrase	Enabled																							
357-892-7161	SVD - Promocao 10 Anos								Sistema MMN		6.00	sistema marketing multinivel	Phrase	Enabled																							
357-892-7161	SVD - Promocao 10 Anos								Sistema MMN		6.00	software marketing multinivel	Phrase	Enabled																							
357-892-7161	SVD - Promocao 10 Anos								Sistema MMN		6.00	plataforma mmn	Phrase	Enabled																							
357-892-7161	SVD - Promocao 10 Anos								Sistema MMN		6.00	sistema de marketing multinivel	Exact	Enabled																							
357-892-7161	SVD - Promocao 10 Anos								Sistema MMN		6.00	software para mmn	Exact	Enabled																							
357-892-7161	SVD - Promocao 10 Anos								Sistema MMN					Paused	Responsive search ad	https://sistemavendadireta.com.br/oferta/?utm_source=google&utm_medium=cpc&utm_campaign=promo-10-anos&utm_content=mmn	oferta	10-anos	Até 40% OFF na Instalação	Instalação por R$ 3.000	Sistema para Venda Direta	Software MMN Completo	Plano Binário e Unilevel	Escritório do Consultor	Mensalidade desde R$ 500	Loja Virtual Integrada	Comissões Automáticas	Migração do Sistema Atual	Clientes em 5 Países	Promoção 10 Anos SVD	Sua Marca e seu Domínio	Implantação Assistida por IA	Agende uma Demonstração	Plataforma completa: escritório virtual, rede binária e unilevel, loja e financeiro.	Promoção 10 Anos: R$ 3.500 em 2x ou R$ 3.000 à vista até 31/08. Mensalidade sob medida.	Rodando no Brasil, Paraguai e Bolívia. Multi-idioma, multimoeda e comissão por cargo.	Parametrizamos seu plano de negócio: binário, unilevel ou comissão por cargo.
357-892-7161	SVD - Promocao 10 Anos								Venda Direta	Paused	6.00																										
357-892-7161	SVD - Promocao 10 Anos								Venda Direta		6.00	sistema venda direta	Phrase	Enabled																							
357-892-7161	SVD - Promocao 10 Anos								Venda Direta		6.00	sistema de venda direta	Phrase	Enabled																							
357-892-7161	SVD - Promocao 10 Anos								Venda Direta		6.00	software venda direta	Phrase	Enabled																							
357-892-7161	SVD - Promocao 10 Anos								Venda Direta		6.00	plataforma de venda direta	Phrase	Enabled																							
357-892-7161	SVD - Promocao 10 Anos								Venda Direta		6.00	escritorio virtual mmn	Phrase	Enabled																							
357-892-7161	SVD - Promocao 10 Anos								Venda Direta		6.00	software de venda direta	Exact	Enabled																							
357-892-7161	SVD - Promocao 10 Anos								Venda Direta					Paused	Responsive search ad	https://sistemavendadireta.com.br/oferta/?utm_source=google&utm_medium=cpc&utm_campaign=promo-10-anos&utm_content=venda-direta	oferta	10-anos	Até 40% OFF na Instalação	Instalação por R$ 3.000	Sistema para Venda Direta	Software MMN Completo	Plano Binário e Unilevel	Escritório do Consultor	Mensalidade desde R$ 500	Loja Virtual Integrada	Comissões Automáticas	Migração do Sistema Atual	Clientes em 5 Países	Promoção 10 Anos SVD	Sua Marca e seu Domínio	Implantação Assistida por IA	Agende uma Demonstração	Plataforma completa: escritório virtual, rede binária e unilevel, loja e financeiro.	Promoção 10 Anos: R$ 3.500 em 2x ou R$ 3.000 à vista até 31/08. Mensalidade sob medida.	Rodando no Brasil, Paraguai e Bolívia. Multi-idioma, multimoeda e comissão por cargo.	Parametrizamos seu plano de negócio: binário, unilevel ou comissão por cargo.
357-892-7161	SVD - Promocao 10 Anos								Preco e Contratacao	Paused	6.00																										
357-892-7161	SVD - Promocao 10 Anos								Preco e Contratacao		6.00	quanto custa sistema mmn	Phrase	Enabled																							
357-892-7161	SVD - Promocao 10 Anos								Preco e Contratacao		6.00	preco software mmn	Phrase	Enabled																							
357-892-7161	SVD - Promocao 10 Anos								Preco e Contratacao		6.00	sistema mmn preco	Phrase	Enabled																							
357-892-7161	SVD - Promocao 10 Anos								Preco e Contratacao		6.00	contratar sistema venda direta	Phrase	Enabled																							
357-892-7161	SVD - Promocao 10 Anos								Preco e Contratacao		6.00	empresa de software para mmn	Phrase	Enabled																							
357-892-7161	SVD - Promocao 10 Anos								Preco e Contratacao					Paused	Responsive search ad	https://sistemavendadireta.com.br/oferta/?utm_source=google&utm_medium=cpc&utm_campaign=promo-10-anos&utm_content=preco	oferta	10-anos	Até 40% OFF na Instalação	Instalação por R$ 3.000	Sistema para Venda Direta	Software MMN Completo	Plano Binário e Unilevel	Escritório do Consultor	Mensalidade desde R$ 500	Loja Virtual Integrada	Comissões Automáticas	Migração do Sistema Atual	Clientes em 5 Países	Promoção 10 Anos SVD	Sua Marca e seu Domínio	Implantação Assistida por IA	Agende uma Demonstração	Plataforma completa: escritório virtual, rede binária e unilevel, loja e financeiro.	Promoção 10 Anos: R$ 3.500 em 2x ou R$ 3.000 à vista até 31/08. Mensalidade sob medida.	Rodando no Brasil, Paraguai e Bolívia. Multi-idioma, multimoeda e comissão por cargo.	Parametrizamos seu plano de negócio: binário, unilevel ou comissão por cargo.
