Campaign,Campaign Type,Campaign Status,Budget,Networks,Languages,Location,Bid Strategy Type,Ad Group,Ad Group Status,Max CPC,Keyword,Criterion Type,Status,Ad type,Final URL,Path 1,Path 2,Headline 1,Headline 2,Headline 3,Headline 4,Headline 5,Headline 6,Headline 7,Headline 8,Headline 9,Headline 10,Headline 11,Headline 12,Headline 13,Headline 14,Headline 15,Description 1,Description 2,Description 3,Description 4
SVD - Promocao 10 Anos,Search,Paused,50,Google search,pt,Brazil,Manual CPC,,,,,,,,,,,,,,,,,,,,,,,,,,,,,
SVD - Promocao 10 Anos,,,,,,,,,,,gratis,Campaign Negative Phrase,Enabled,,,,,,,,,,,,,,,,,,,,,,,
SVD - Promocao 10 Anos,,,,,,,,,,,gratuito,Campaign Negative Phrase,Enabled,,,,,,,,,,,,,,,,,,,,,,,
SVD - Promocao 10 Anos,,,,,,,,,,,emprego,Campaign Negative Phrase,Enabled,,,,,,,,,,,,,,,,,,,,,,,
SVD - Promocao 10 Anos,,,,,,,,,,,vaga,Campaign Negative Phrase,Enabled,,,,,,,,,,,,,,,,,,,,,,,
SVD - Promocao 10 Anos,,,,,,,,,,,vagas,Campaign Negative Phrase,Enabled,,,,,,,,,,,,,,,,,,,,,,,
SVD - Promocao 10 Anos,,,,,,,,,,,curso,Campaign Negative Phrase,Enabled,,,,,,,,,,,,,,,,,,,,,,,
SVD - Promocao 10 Anos,,,,,,,,,,,como funciona,Campaign Negative Phrase,Enabled,,,,,,,,,,,,,,,,,,,,,,,
SVD - Promocao 10 Anos,,,,,,,,,,,o que é,Campaign Negative Phrase,Enabled,,,,,,,,,,,,,,,,,,,,,,,
SVD - Promocao 10 Anos,,,,,,,,,,,piramide,Campaign Negative Phrase,Enabled,,,,,,,,,,,,,,,,,,,,,,,
SVD - Promocao 10 Anos,,,,,,,,,,,golpe,Campaign Negative Phrase,Enabled,,,,,,,,,,,,,,,,,,,,,,,
SVD - Promocao 10 Anos,,,,,,,,,,,reclame aqui,Campaign Negative Phrase,Enabled,,,,,,,,,,,,,,,,,,,,,,,
SVD - Promocao 10 Anos,,,,,,,,,,,download,Campaign Negative Phrase,Enabled,,,,,,,,,,,,,,,,,,,,,,,
SVD - Promocao 10 Anos,,,,,,,,,,,crack,Campaign Negative Phrase,Enabled,,,,,,,,,,,,,,,,,,,,,,,
SVD - Promocao 10 Anos,,,,,,,,,,,planilha,Campaign Negative Phrase,Enabled,,,,,,,,,,,,,,,,,,,,,,,
SVD - Promocao 10 Anos,,,,,,,,,,,excel,Campaign Negative Phrase,Enabled,,,,,,,,,,,,,,,,,,,,,,,
SVD - Promocao 10 Anos,,,,,,,,,,,hinode,Campaign Negative Phrase,Enabled,,,,,,,,,,,,,,,,,,,,,,,
SVD - Promocao 10 Anos,,,,,,,,,,,mary kay,Campaign Negative Phrase,Enabled,,,,,,,,,,,,,,,,,,,,,,,
SVD - Promocao 10 Anos,,,,,,,,,,,natura,Campaign Negative Phrase,Enabled,,,,,,,,,,,,,,,,,,,,,,,
SVD - Promocao 10 Anos,,,,,,,,,,,herbalife,Campaign Negative Phrase,Enabled,,,,,,,,,,,,,,,,,,,,,,,
SVD - Promocao 10 Anos,,,,,,,,,,,jeunesse,Campaign Negative Phrase,Enabled,,,,,,,,,,,,,,,,,,,,,,,
SVD - Promocao 10 Anos,,,,,,,,Sistema MMN,Paused,6.00,,,,,,,,,,,,,,,,,,,,,,,,,,
SVD - Promocao 10 Anos,,,,,,,,Sistema MMN,,6.00,sistema mmn,Phrase,Enabled,,,,,,,,,,,,,,,,,,,,,,,
SVD - Promocao 10 Anos,,,,,,,,Sistema MMN,,6.00,software mmn,Phrase,Enabled,,,,,,,,,,,,,,,,,,,,,,,
SVD - Promocao 10 Anos,,,,,,,,Sistema MMN,,6.00,sistema para mmn,Phrase,Enabled,,,,,,,,,,,,,,,,,,,,,,,
SVD - Promocao 10 Anos,,,,,,,,Sistema MMN,,6.00,sistema marketing multinivel,Phrase,Enabled,,,,,,,,,,,,,,,,,,,,,,,
SVD - Promocao 10 Anos,,,,,,,,Sistema MMN,,6.00,software marketing multinivel,Phrase,Enabled,,,,,,,,,,,,,,,,,,,,,,,
SVD - Promocao 10 Anos,,,,,,,,Sistema MMN,,6.00,plataforma mmn,Phrase,Enabled,,,,,,,,,,,,,,,,,,,,,,,
SVD - Promocao 10 Anos,,,,,,,,Sistema MMN,,6.00,sistema plano binario,Phrase,Enabled,,,,,,,,,,,,,,,,,,,,,,,
SVD - Promocao 10 Anos,,,,,,,,Sistema MMN,,6.00,sistema plano unilevel,Phrase,Enabled,,,,,,,,,,,,,,,,,,,,,,,
SVD - Promocao 10 Anos,,,,,,,,Sistema MMN,,6.00,sistema de marketing multinivel,Exact,Enabled,,,,,,,,,,,,,,,,,,,,,,,
SVD - Promocao 10 Anos,,,,,,,,Sistema MMN,,6.00,software para mmn,Exact,Enabled,,,,,,,,,,,,,,,,,,,,,,,
SVD - Promocao 10 Anos,,,,,,,,Sistema MMN,,,,,Paused,Responsive search ad,https://www.sistemavendadireta.com.br/oferta/?utm_source=google&utm_medium=cpc&utm_campaign=instalacao-50off&utm_content=mmn,oferta,10-anos,Sistema para Venda Direta,Software MMN Completo,Até 40% OFF na Instalação,Plano Binário e Unilevel,Escritório Virtual Incluso,Mensalidade desde R$ 500,Implantação Assistida por IA,Clientes em 5 Países,Loja Virtual Integrada,Comissões Automáticas,À Vista por R$ 3.000,Migramos seu Sistema Atual,Promoção 10 Anos SVD,Sua Marca e seu Domínio,Orçamento pelo WhatsApp,"Plataforma completa: escritório virtual, rede binária e unilevel, loja e financeiro.",Promoção 10 Anos: R$ 3.500 em 2x ou R$ 3.000 à vista até 31/08. Mensalidade sob medida.,"Rodando no Brasil, Paraguai e Bolívia. Multi-idioma, multimoeda e comissão por cargo.","Parametrizamos seu plano de negócio: binário, unilevel ou comissão por cargo."
SVD - Promocao 10 Anos,,,,,,,,Venda Direta,Paused,6.00,,,,,,,,,,,,,,,,,,,,,,,,,,
SVD - Promocao 10 Anos,,,,,,,,Venda Direta,,6.00,sistema venda direta,Phrase,Enabled,,,,,,,,,,,,,,,,,,,,,,,
SVD - Promocao 10 Anos,,,,,,,,Venda Direta,,6.00,sistema de venda direta,Phrase,Enabled,,,,,,,,,,,,,,,,,,,,,,,
SVD - Promocao 10 Anos,,,,,,,,Venda Direta,,6.00,software venda direta,Phrase,Enabled,,,,,,,,,,,,,,,,,,,,,,,
SVD - Promocao 10 Anos,,,,,,,,Venda Direta,,6.00,plataforma de venda direta,Phrase,Enabled,,,,,,,,,,,,,,,,,,,,,,,
SVD - Promocao 10 Anos,,,,,,,,Venda Direta,,6.00,sistema para vendas diretas,Phrase,Enabled,,,,,,,,,,,,,,,,,,,,,,,
SVD - Promocao 10 Anos,,,,,,,,Venda Direta,,6.00,escritorio virtual mmn,Phrase,Enabled,,,,,,,,,,,,,,,,,,,,,,,
SVD - Promocao 10 Anos,,,,,,,,Venda Direta,,6.00,escritorio virtual venda direta,Phrase,Enabled,,,,,,,,,,,,,,,,,,,,,,,
SVD - Promocao 10 Anos,,,,,,,,Venda Direta,,6.00,software de venda direta,Exact,Enabled,,,,,,,,,,,,,,,,,,,,,,,
SVD - Promocao 10 Anos,,,,,,,,Venda Direta,,,,,Paused,Responsive search ad,https://www.sistemavendadireta.com.br/oferta/?utm_source=google&utm_medium=cpc&utm_campaign=instalacao-50off&utm_content=venda-direta,oferta,10-anos,Sistema para Venda Direta,Software MMN Completo,Até 40% OFF na Instalação,Plano Binário e Unilevel,Escritório Virtual Incluso,Mensalidade desde R$ 500,Implantação Assistida por IA,Clientes em 5 Países,Loja Virtual Integrada,Comissões Automáticas,À Vista por R$ 3.000,Migramos seu Sistema Atual,Promoção 10 Anos SVD,Sua Marca e seu Domínio,Orçamento pelo WhatsApp,"Plataforma completa: escritório virtual, rede binária e unilevel, loja e financeiro.",Promoção 10 Anos: R$ 3.500 em 2x ou R$ 3.000 à vista até 31/08. Mensalidade sob medida.,"Rodando no Brasil, Paraguai e Bolívia. Multi-idioma, multimoeda e comissão por cargo.","Parametrizamos seu plano de negócio: binário, unilevel ou comissão por cargo."
SVD - Promocao 10 Anos,,,,,,,,Fundo de Funil,Paused,6.00,,,,,,,,,,,,,,,,,,,,,,,,,,
SVD - Promocao 10 Anos,,,,,,,,Fundo de Funil,,6.00,quanto custa sistema mmn,Phrase,Enabled,,,,,,,,,,,,,,,,,,,,,,,
SVD - Promocao 10 Anos,,,,,,,,Fundo de Funil,,6.00,preco software mmn,Phrase,Enabled,,,,,,,,,,,,,,,,,,,,,,,
SVD - Promocao 10 Anos,,,,,,,,Fundo de Funil,,6.00,sistema mmn preco,Phrase,Enabled,,,,,,,,,,,,,,,,,,,,,,,
SVD - Promocao 10 Anos,,,,,,,,Fundo de Funil,,6.00,contratar sistema venda direta,Phrase,Enabled,,,,,,,,,,,,,,,,,,,,,,,
SVD - Promocao 10 Anos,,,,,,,,Fundo de Funil,,6.00,empresa de software para mmn,Phrase,Enabled,,,,,,,,,,,,,,,,,,,,,,,
SVD - Promocao 10 Anos,,,,,,,,Fundo de Funil,,,,,Paused,Responsive search ad,https://www.sistemavendadireta.com.br/oferta/?utm_source=google&utm_medium=cpc&utm_campaign=instalacao-50off&utm_content=fundo,oferta,10-anos,Sistema para Venda Direta,Software MMN Completo,Até 40% OFF na Instalação,Plano Binário e Unilevel,Escritório Virtual Incluso,Mensalidade desde R$ 500,Implantação Assistida por IA,Clientes em 5 Países,Loja Virtual Integrada,Comissões Automáticas,À Vista por R$ 3.000,Migramos seu Sistema Atual,Promoção 10 Anos SVD,Sua Marca e seu Domínio,Orçamento pelo WhatsApp,"Plataforma completa: escritório virtual, rede binária e unilevel, loja e financeiro.",Promoção 10 Anos: R$ 3.500 em 2x ou R$ 3.000 à vista até 31/08. Mensalidade sob medida.,"Rodando no Brasil, Paraguai e Bolívia. Multi-idioma, multimoeda e comissão por cargo.","Parametrizamos seu plano de negócio: binário, unilevel ou comissão por cargo."
SVD - Promocao 10 Anos,,,,,,,,Aluguel Sistema Pronto,Paused,6.00,,,,,,,,,,,,,,,,,,,,,,,,,,
SVD - Promocao 10 Anos,,,,,,,,Aluguel Sistema Pronto,,6.00,aluguel sistema mmn,Phrase,Enabled,,,,,,,,,,,,,,,,,,,,,,,
SVD - Promocao 10 Anos,,,,,,,,Aluguel Sistema Pronto,,6.00,alugar sistema mmn,Phrase,Enabled,,,,,,,,,,,,,,,,,,,,,,,
SVD - Promocao 10 Anos,,,,,,,,Aluguel Sistema Pronto,,6.00,sistema mmn pronto,Phrase,Enabled,,,,,,,,,,,,,,,,,,,,,,,
SVD - Promocao 10 Anos,,,,,,,,Aluguel Sistema Pronto,,6.00,sistema mmn mensalidade,Phrase,Enabled,,,,,,,,,,,,,,,,,,,,,,,
SVD - Promocao 10 Anos,,,,,,,,Aluguel Sistema Pronto,,6.00,plataforma mmn pronta,Phrase,Enabled,,,,,,,,,,,,,,,,,,,,,,,
SVD - Promocao 10 Anos,,,,,,,,Aluguel Sistema Pronto,,,,,Paused,Responsive search ad,https://www.sistemavendadireta.com.br/oferta/?utm_source=google&utm_medium=cpc&utm_campaign=instalacao-50off&utm_content=aluguel,oferta,10-anos,Sistema para Venda Direta,Software MMN Completo,Até 40% OFF na Instalação,Plano Binário e Unilevel,Escritório Virtual Incluso,Mensalidade desde R$ 500,Implantação Assistida por IA,Clientes em 5 Países,Loja Virtual Integrada,Comissões Automáticas,À Vista por R$ 3.000,Migramos seu Sistema Atual,Promoção 10 Anos SVD,Sua Marca e seu Domínio,Orçamento pelo WhatsApp,"Plataforma completa: escritório virtual, rede binária e unilevel, loja e financeiro.",Promoção 10 Anos: R$ 3.500 em 2x ou R$ 3.000 à vista até 31/08. Mensalidade sob medida.,"Rodando no Brasil, Paraguai e Bolívia. Multi-idioma, multimoeda e comissão por cargo.","Parametrizamos seu plano de negócio: binário, unilevel ou comissão por cargo."
SVD - Promocao 10 Anos,,,,,,,,Concorrentes,Paused,6.00,,,,,,,,,,,,,,,,,,,,,,,,,,
SVD - Promocao 10 Anos,,,,,,,,Concorrentes,,6.00,aliadus mmn,Phrase,Enabled,,,,,,,,,,,,,,,,,,,,,,,
SVD - Promocao 10 Anos,,,,,,,,Concorrentes,,6.00,mmnweb,Phrase,Enabled,,,,,,,,,,,,,,,,,,,,,,,
SVD - Promocao 10 Anos,,,,,,,,Concorrentes,,6.00,maxnivel sistema,Phrase,Enabled,,,,,,,,,,,,,,,,,,,,,,,
SVD - Promocao 10 Anos,,,,,,,,Concorrentes,,6.00,m2n sistema,Phrase,Enabled,,,,,,,,,,,,,,,,,,,,,,,
SVD - Promocao 10 Anos,,,,,,,,Concorrentes,,6.00,sistema mmn eloss,Phrase,Enabled,,,,,,,,,,,,,,,,,,,,,,,
SVD - Promocao 10 Anos,,,,,,,,Concorrentes,,6.00,embraton mmn,Phrase,Enabled,,,,,,,,,,,,,,,,,,,,,,,
SVD - Promocao 10 Anos,,,,,,,,Concorrentes,,,,,Paused,Responsive search ad,https://www.sistemavendadireta.com.br/oferta/?utm_source=google&utm_medium=cpc&utm_campaign=instalacao-50off&utm_content=concorrentes,oferta,10-anos,Sistema para Venda Direta,Software MMN Completo,Até 40% OFF na Instalação,Plano Binário e Unilevel,Escritório Virtual Incluso,Mensalidade desde R$ 500,Implantação Assistida por IA,Clientes em 5 Países,Loja Virtual Integrada,Comissões Automáticas,À Vista por R$ 3.000,Migramos seu Sistema Atual,Promoção 10 Anos SVD,Sua Marca e seu Domínio,Orçamento pelo WhatsApp,"Plataforma completa: escritório virtual, rede binária e unilevel, loja e financeiro.",Promoção 10 Anos: R$ 3.500 em 2x ou R$ 3.000 à vista até 31/08. Mensalidade sob medida.,"Rodando no Brasil, Paraguai e Bolívia. Multi-idioma, multimoeda e comissão por cargo.","Parametrizamos seu plano de negócio: binário, unilevel ou comissão por cargo."
SVD - Suplementos,Search,Paused,10,Google search,pt,Brazil,Manual CPC,,,,,,,,,,,,,,,,,,,,,,,,,,,,,
SVD - Suplementos,,,,,,,,,,,gratis,Campaign Negative Phrase,Enabled,,,,,,,,,,,,,,,,,,,,,,,
SVD - Suplementos,,,,,,,,,,,gratuito,Campaign Negative Phrase,Enabled,,,,,,,,,,,,,,,,,,,,,,,
SVD - Suplementos,,,,,,,,,,,emprego,Campaign Negative Phrase,Enabled,,,,,,,,,,,,,,,,,,,,,,,
SVD - Suplementos,,,,,,,,,,,vaga,Campaign Negative Phrase,Enabled,,,,,,,,,,,,,,,,,,,,,,,
SVD - Suplementos,,,,,,,,,,,vagas,Campaign Negative Phrase,Enabled,,,,,,,,,,,,,,,,,,,,,,,
SVD - Suplementos,,,,,,,,,,,curso,Campaign Negative Phrase,Enabled,,,,,,,,,,,,,,,,,,,,,,,
SVD - Suplementos,,,,,,,,,,,como funciona,Campaign Negative Phrase,Enabled,,,,,,,,,,,,,,,,,,,,,,,
SVD - Suplementos,,,,,,,,,,,o que é,Campaign Negative Phrase,Enabled,,,,,,,,,,,,,,,,,,,,,,,
SVD - Suplementos,,,,,,,,,,,piramide,Campaign Negative Phrase,Enabled,,,,,,,,,,,,,,,,,,,,,,,
SVD - Suplementos,,,,,,,,,,,golpe,Campaign Negative Phrase,Enabled,,,,,,,,,,,,,,,,,,,,,,,
SVD - Suplementos,,,,,,,,,,,reclame aqui,Campaign Negative Phrase,Enabled,,,,,,,,,,,,,,,,,,,,,,,
SVD - Suplementos,,,,,,,,,,,download,Campaign Negative Phrase,Enabled,,,,,,,,,,,,,,,,,,,,,,,
SVD - Suplementos,,,,,,,,,,,crack,Campaign Negative Phrase,Enabled,,,,,,,,,,,,,,,,,,,,,,,
SVD - Suplementos,,,,,,,,,,,planilha,Campaign Negative Phrase,Enabled,,,,,,,,,,,,,,,,,,,,,,,
SVD - Suplementos,,,,,,,,,,,excel,Campaign Negative Phrase,Enabled,,,,,,,,,,,,,,,,,,,,,,,
SVD - Suplementos,,,,,,,,,,,hinode,Campaign Negative Phrase,Enabled,,,,,,,,,,,,,,,,,,,,,,,
SVD - Suplementos,,,,,,,,,,,mary kay,Campaign Negative Phrase,Enabled,,,,,,,,,,,,,,,,,,,,,,,
SVD - Suplementos,,,,,,,,,,,natura,Campaign Negative Phrase,Enabled,,,,,,,,,,,,,,,,,,,,,,,
SVD - Suplementos,,,,,,,,,,,herbalife,Campaign Negative Phrase,Enabled,,,,,,,,,,,,,,,,,,,,,,,
SVD - Suplementos,,,,,,,,,,,jeunesse,Campaign Negative Phrase,Enabled,,,,,,,,,,,,,,,,,,,,,,,
SVD - Suplementos,,,,,,,,Distribuidora Suplementos,Paused,6.00,,,,,,,,,,,,,,,,,,,,,,,,,,
SVD - Suplementos,,,,,,,,Distribuidora Suplementos,,6.00,sistema para distribuidora de suplementos,Phrase,Enabled,,,,,,,,,,,,,,,,,,,,,,,
SVD - Suplementos,,,,,,,,Distribuidora Suplementos,,6.00,software distribuidora suplementos,Phrase,Enabled,,,,,,,,,,,,,,,,,,,,,,,
SVD - Suplementos,,,,,,,,Distribuidora Suplementos,,6.00,sistema para venda de suplementos por consultores,Phrase,Enabled,,,,,,,,,,,,,,,,,,,,,,,
SVD - Suplementos,,,,,,,,Distribuidora Suplementos,,6.00,sistema revenda suplementos,Phrase,Enabled,,,,,,,,,,,,,,,,,,,,,,,
SVD - Suplementos,,,,,,,,Distribuidora Suplementos,,6.00,plataforma venda direta suplementos,Phrase,Enabled,,,,,,,,,,,,,,,,,,,,,,,
SVD - Suplementos,,,,,,,,Distribuidora Suplementos,,,,,Paused,Responsive search ad,https://www.sistemavendadireta.com.br/oferta/suplementos/?utm_source=google&utm_medium=cpc&utm_campaign=instalacao-50off-suplementos,oferta,10-anos,Sistema p/ Suplementos,Rede de Consultores Pronta,Case Real: Protech,Até 40% OFF na Instalação,Escritório Virtual Incluso,Mensalidade desde R$ 500,Implantação Assistida por IA,Clientes em 5 Países,Loja Virtual Integrada,Comissões Automáticas,À Vista por R$ 3.000,Migramos seu Sistema Atual,Promoção 10 Anos SVD,Sua Marca e seu Domínio,Orçamento pelo WhatsApp,"ERP genérico não entende rede. Consultores, comissões, recompra e loja num só sistema.",Promoção 10 Anos: R$ 3.500 em 2x ou R$ 3.000 à vista até 31/08. Mensalidade sob medida.,"Rodando no Brasil, Paraguai e Bolívia. Multi-idioma, multimoeda e comissão por cargo.","Parametrizamos seu plano de negócio: binário, unilevel ou comissão por cargo."
SVD - Cosmeticos,Search,Paused,10,Google search,pt,Brazil,Manual CPC,,,,,,,,,,,,,,,,,,,,,,,,,,,,,
SVD - Cosmeticos,,,,,,,,,,,gratis,Campaign Negative Phrase,Enabled,,,,,,,,,,,,,,,,,,,,,,,
SVD - Cosmeticos,,,,,,,,,,,gratuito,Campaign Negative Phrase,Enabled,,,,,,,,,,,,,,,,,,,,,,,
SVD - Cosmeticos,,,,,,,,,,,emprego,Campaign Negative Phrase,Enabled,,,,,,,,,,,,,,,,,,,,,,,
SVD - Cosmeticos,,,,,,,,,,,vaga,Campaign Negative Phrase,Enabled,,,,,,,,,,,,,,,,,,,,,,,
SVD - Cosmeticos,,,,,,,,,,,vagas,Campaign Negative Phrase,Enabled,,,,,,,,,,,,,,,,,,,,,,,
SVD - Cosmeticos,,,,,,,,,,,curso,Campaign Negative Phrase,Enabled,,,,,,,,,,,,,,,,,,,,,,,
SVD - Cosmeticos,,,,,,,,,,,como funciona,Campaign Negative Phrase,Enabled,,,,,,,,,,,,,,,,,,,,,,,
SVD - Cosmeticos,,,,,,,,,,,o que é,Campaign Negative Phrase,Enabled,,,,,,,,,,,,,,,,,,,,,,,
SVD - Cosmeticos,,,,,,,,,,,piramide,Campaign Negative Phrase,Enabled,,,,,,,,,,,,,,,,,,,,,,,
SVD - Cosmeticos,,,,,,,,,,,golpe,Campaign Negative Phrase,Enabled,,,,,,,,,,,,,,,,,,,,,,,
SVD - Cosmeticos,,,,,,,,,,,reclame aqui,Campaign Negative Phrase,Enabled,,,,,,,,,,,,,,,,,,,,,,,
SVD - Cosmeticos,,,,,,,,,,,download,Campaign Negative Phrase,Enabled,,,,,,,,,,,,,,,,,,,,,,,
SVD - Cosmeticos,,,,,,,,,,,crack,Campaign Negative Phrase,Enabled,,,,,,,,,,,,,,,,,,,,,,,
SVD - Cosmeticos,,,,,,,,,,,planilha,Campaign Negative Phrase,Enabled,,,,,,,,,,,,,,,,,,,,,,,
SVD - Cosmeticos,,,,,,,,,,,excel,Campaign Negative Phrase,Enabled,,,,,,,,,,,,,,,,,,,,,,,
SVD - Cosmeticos,,,,,,,,,,,hinode,Campaign Negative Phrase,Enabled,,,,,,,,,,,,,,,,,,,,,,,
SVD - Cosmeticos,,,,,,,,,,,mary kay,Campaign Negative Phrase,Enabled,,,,,,,,,,,,,,,,,,,,,,,
SVD - Cosmeticos,,,,,,,,,,,natura,Campaign Negative Phrase,Enabled,,,,,,,,,,,,,,,,,,,,,,,
SVD - Cosmeticos,,,,,,,,,,,herbalife,Campaign Negative Phrase,Enabled,,,,,,,,,,,,,,,,,,,,,,,
SVD - Cosmeticos,,,,,,,,,,,jeunesse,Campaign Negative Phrase,Enabled,,,,,,,,,,,,,,,,,,,,,,,
SVD - Cosmeticos,,,,,,,,Revenda Cosmeticos,Paused,6.00,,,,,,,,,,,,,,,,,,,,,,,,,,
SVD - Cosmeticos,,,,,,,,Revenda Cosmeticos,,6.00,sistema para revenda de cosmeticos,Phrase,Enabled,,,,,,,,,,,,,,,,,,,,,,,
SVD - Cosmeticos,,,,,,,,Revenda Cosmeticos,,6.00,sistema para consultoras,Phrase,Enabled,,,,,,,,,,,,,,,,,,,,,,,
SVD - Cosmeticos,,,,,,,,Revenda Cosmeticos,,6.00,software revenda por catalogo,Phrase,Enabled,,,,,,,,,,,,,,,,,,,,,,,
SVD - Cosmeticos,,,,,,,,Revenda Cosmeticos,,6.00,sistema venda direta cosmeticos,Phrase,Enabled,,,,,,,,,,,,,,,,,,,,,,,
SVD - Cosmeticos,,,,,,,,Revenda Cosmeticos,,6.00,plataforma para marca de cosmeticos revenda,Phrase,Enabled,,,,,,,,,,,,,,,,,,,,,,,
SVD - Cosmeticos,,,,,,,,Revenda Cosmeticos,,,,,Paused,Responsive search ad,https://www.sistemavendadireta.com.br/oferta/cosmeticos/?utm_source=google&utm_medium=cpc&utm_campaign=instalacao-50off-cosmeticos,oferta,10-anos,Sistema p/ Cosméticos,Escritório da Consultora,Case Internacional Real,Até 40% OFF na Instalação,Escritório Virtual Incluso,Mensalidade desde R$ 500,Implantação Assistida por IA,Clientes em 5 Países,Loja Virtual Integrada,Comissões Automáticas,À Vista por R$ 3.000,Migramos seu Sistema Atual,Promoção 10 Anos SVD,Sua Marca e seu Domínio,Orçamento pelo WhatsApp,"Catálogo por linhas, metas e ranking da consultora, comissões e loja integrada.",Promoção 10 Anos: R$ 3.500 em 2x ou R$ 3.000 à vista até 31/08. Mensalidade sob medida.,"Rodando no Brasil, Paraguai e Bolívia. Multi-idioma, multimoeda e comissão por cargo.","Parametrizamos seu plano de negócio: binário, unilevel ou comissão por cargo."
SVD - Afiliados,Search,Paused,10,Google search,pt,Brazil,Manual CPC,,,,,,,,,,,,,,,,,,,,,,,,,,,,,
SVD - Afiliados,,,,,,,,,,,gratis,Campaign Negative Phrase,Enabled,,,,,,,,,,,,,,,,,,,,,,,
SVD - Afiliados,,,,,,,,,,,gratuito,Campaign Negative Phrase,Enabled,,,,,,,,,,,,,,,,,,,,,,,
SVD - Afiliados,,,,,,,,,,,emprego,Campaign Negative Phrase,Enabled,,,,,,,,,,,,,,,,,,,,,,,
SVD - Afiliados,,,,,,,,,,,vaga,Campaign Negative Phrase,Enabled,,,,,,,,,,,,,,,,,,,,,,,
SVD - Afiliados,,,,,,,,,,,vagas,Campaign Negative Phrase,Enabled,,,,,,,,,,,,,,,,,,,,,,,
SVD - Afiliados,,,,,,,,,,,curso,Campaign Negative Phrase,Enabled,,,,,,,,,,,,,,,,,,,,,,,
SVD - Afiliados,,,,,,,,,,,como funciona,Campaign Negative Phrase,Enabled,,,,,,,,,,,,,,,,,,,,,,,
SVD - Afiliados,,,,,,,,,,,o que é,Campaign Negative Phrase,Enabled,,,,,,,,,,,,,,,,,,,,,,,
SVD - Afiliados,,,,,,,,,,,piramide,Campaign Negative Phrase,Enabled,,,,,,,,,,,,,,,,,,,,,,,
SVD - Afiliados,,,,,,,,,,,golpe,Campaign Negative Phrase,Enabled,,,,,,,,,,,,,,,,,,,,,,,
SVD - Afiliados,,,,,,,,,,,reclame aqui,Campaign Negative Phrase,Enabled,,,,,,,,,,,,,,,,,,,,,,,
SVD - Afiliados,,,,,,,,,,,download,Campaign Negative Phrase,Enabled,,,,,,,,,,,,,,,,,,,,,,,
SVD - Afiliados,,,,,,,,,,,crack,Campaign Negative Phrase,Enabled,,,,,,,,,,,,,,,,,,,,,,,
SVD - Afiliados,,,,,,,,,,,planilha,Campaign Negative Phrase,Enabled,,,,,,,,,,,,,,,,,,,,,,,
SVD - Afiliados,,,,,,,,,,,excel,Campaign Negative Phrase,Enabled,,,,,,,,,,,,,,,,,,,,,,,
SVD - Afiliados,,,,,,,,,,,hinode,Campaign Negative Phrase,Enabled,,,,,,,,,,,,,,,,,,,,,,,
SVD - Afiliados,,,,,,,,,,,mary kay,Campaign Negative Phrase,Enabled,,,,,,,,,,,,,,,,,,,,,,,
SVD - Afiliados,,,,,,,,,,,natura,Campaign Negative Phrase,Enabled,,,,,,,,,,,,,,,,,,,,,,,
SVD - Afiliados,,,,,,,,,,,herbalife,Campaign Negative Phrase,Enabled,,,,,,,,,,,,,,,,,,,,,,,
SVD - Afiliados,,,,,,,,,,,jeunesse,Campaign Negative Phrase,Enabled,,,,,,,,,,,,,,,,,,,,,,,
SVD - Afiliados,,,,,,,,,,,hotmart,Campaign Negative Phrase,Enabled,,,,,,,,,,,,,,,,,,,,,,,
SVD - Afiliados,,,,,,,,,,,monetizze,Campaign Negative Phrase,Enabled,,,,,,,,,,,,,,,,,,,,,,,
SVD - Afiliados,,,,,,,,,,,eduzz,Campaign Negative Phrase,Enabled,,,,,,,,,,,,,,,,,,,,,,,
SVD - Afiliados,,,,,,,,,,,kiwify,Campaign Negative Phrase,Enabled,,,,,,,,,,,,,,,,,,,,,,,
SVD - Afiliados,,,,,,,,,,,braip,Campaign Negative Phrase,Enabled,,,,,,,,,,,,,,,,,,,,,,,
SVD - Afiliados,,,,,,,,,,,como ser afiliado,Campaign Negative Phrase,Enabled,,,,,,,,,,,,,,,,,,,,,,,
SVD - Afiliados,,,,,,,,,,,ganhar dinheiro como afiliado,Campaign Negative Phrase,Enabled,,,,,,,,,,,,,,,,,,,,,,,
SVD - Afiliados,,,,,,,,Programa de Afiliados,Paused,6.00,,,,,,,,,,,,,,,,,,,,,,,,,,
SVD - Afiliados,,,,,,,,Programa de Afiliados,,6.00,plataforma de afiliados,Phrase,Enabled,,,,,,,,,,,,,,,,,,,,,,,
SVD - Afiliados,,,,,,,,Programa de Afiliados,,6.00,sistema para programa de afiliados,Phrase,Enabled,,,,,,,,,,,,,,,,,,,,,,,
SVD - Afiliados,,,,,,,,Programa de Afiliados,,6.00,software programa de afiliados,Phrase,Enabled,,,,,,,,,,,,,,,,,,,,,,,
SVD - Afiliados,,,,,,,,Programa de Afiliados,,6.00,sistema de afiliados white label,Phrase,Enabled,,,,,,,,,,,,,,,,,,,,,,,
SVD - Afiliados,,,,,,,,Programa de Afiliados,,6.00,plataforma de afiliados para influenciadores,Phrase,Enabled,,,,,,,,,,,,,,,,,,,,,,,
SVD - Afiliados,,,,,,,,Programa de Afiliados,,6.00,programa de afiliados para minha empresa,Phrase,Enabled,,,,,,,,,,,,,,,,,,,,,,,
SVD - Afiliados,,,,,,,,Programa de Afiliados,,,,,Paused,Responsive search ad,https://www.sistemavendadireta.com.br/oferta/afiliados/?utm_source=google&utm_medium=cpc&utm_campaign=instalacao-50off-afiliados,oferta,10-anos,Sistema p/ Afiliados,Link e Cupom por Afiliado,Bônus Pagos Sem Planilha,Até 40% OFF na Instalação,Escritório Virtual Incluso,Mensalidade desde R$ 500,Implantação Assistida por IA,Clientes em 5 Países,Loja Virtual Integrada,Comissões Automáticas,À Vista por R$ 3.000,Migramos seu Sistema Atual,Promoção 10 Anos SVD,Sua Marca e seu Domínio,Orçamento pelo WhatsApp,"Cadastre afiliados com link e cupom próprios. O sistema rastreia, calcula e paga os bônus.",Promoção 10 Anos: R$ 3.500 em 2x ou R$ 3.000 à vista até 31/08. Mensalidade sob medida.,"Parcerias com influenciadores no YouTube, TikTok e Instagram. Extrato transparente.","Parametrizamos seu plano de negócio: binário, unilevel ou comissão por cargo."
SVD - Parceiros,Search,Paused,10,Google search,pt,Brazil,Manual CPC,,,,,,,,,,,,,,,,,,,,,,,,,,,,,
SVD - Parceiros,,,,,,,,,,,gratis,Campaign Negative Phrase,Enabled,,,,,,,,,,,,,,,,,,,,,,,
SVD - Parceiros,,,,,,,,,,,gratuito,Campaign Negative Phrase,Enabled,,,,,,,,,,,,,,,,,,,,,,,
SVD - Parceiros,,,,,,,,,,,emprego,Campaign Negative Phrase,Enabled,,,,,,,,,,,,,,,,,,,,,,,
SVD - Parceiros,,,,,,,,,,,vaga,Campaign Negative Phrase,Enabled,,,,,,,,,,,,,,,,,,,,,,,
SVD - Parceiros,,,,,,,,,,,vagas,Campaign Negative Phrase,Enabled,,,,,,,,,,,,,,,,,,,,,,,
SVD - Parceiros,,,,,,,,,,,curso,Campaign Negative Phrase,Enabled,,,,,,,,,,,,,,,,,,,,,,,
SVD - Parceiros,,,,,,,,,,,como funciona,Campaign Negative Phrase,Enabled,,,,,,,,,,,,,,,,,,,,,,,
SVD - Parceiros,,,,,,,,,,,o que é,Campaign Negative Phrase,Enabled,,,,,,,,,,,,,,,,,,,,,,,
SVD - Parceiros,,,,,,,,,,,piramide,Campaign Negative Phrase,Enabled,,,,,,,,,,,,,,,,,,,,,,,
SVD - Parceiros,,,,,,,,,,,golpe,Campaign Negative Phrase,Enabled,,,,,,,,,,,,,,,,,,,,,,,
SVD - Parceiros,,,,,,,,,,,reclame aqui,Campaign Negative Phrase,Enabled,,,,,,,,,,,,,,,,,,,,,,,
SVD - Parceiros,,,,,,,,,,,download,Campaign Negative Phrase,Enabled,,,,,,,,,,,,,,,,,,,,,,,
SVD - Parceiros,,,,,,,,,,,crack,Campaign Negative Phrase,Enabled,,,,,,,,,,,,,,,,,,,,,,,
SVD - Parceiros,,,,,,,,,,,planilha,Campaign Negative Phrase,Enabled,,,,,,,,,,,,,,,,,,,,,,,
SVD - Parceiros,,,,,,,,,,,excel,Campaign Negative Phrase,Enabled,,,,,,,,,,,,,,,,,,,,,,,
SVD - Parceiros,,,,,,,,,,,hinode,Campaign Negative Phrase,Enabled,,,,,,,,,,,,,,,,,,,,,,,
SVD - Parceiros,,,,,,,,,,,mary kay,Campaign Negative Phrase,Enabled,,,,,,,,,,,,,,,,,,,,,,,
SVD - Parceiros,,,,,,,,,,,natura,Campaign Negative Phrase,Enabled,,,,,,,,,,,,,,,,,,,,,,,
SVD - Parceiros,,,,,,,,,,,herbalife,Campaign Negative Phrase,Enabled,,,,,,,,,,,,,,,,,,,,,,,
SVD - Parceiros,,,,,,,,,,,jeunesse,Campaign Negative Phrase,Enabled,,,,,,,,,,,,,,,,,,,,,,,
SVD - Parceiros,,,,,,,,,,,hotmart,Campaign Negative Phrase,Enabled,,,,,,,,,,,,,,,,,,,,,,,
SVD - Parceiros,,,,,,,,,,,monetizze,Campaign Negative Phrase,Enabled,,,,,,,,,,,,,,,,,,,,,,,
SVD - Parceiros,,,,,,,,,,,eduzz,Campaign Negative Phrase,Enabled,,,,,,,,,,,,,,,,,,,,,,,
SVD - Parceiros,,,,,,,,,,,kiwify,Campaign Negative Phrase,Enabled,,,,,,,,,,,,,,,,,,,,,,,
SVD - Parceiros,,,,,,,,,,,braip,Campaign Negative Phrase,Enabled,,,,,,,,,,,,,,,,,,,,,,,
SVD - Parceiros,,,,,,,,,,,como ser afiliado,Campaign Negative Phrase,Enabled,,,,,,,,,,,,,,,,,,,,,,,
SVD - Parceiros,,,,,,,,,,,ganhar dinheiro como afiliado,Campaign Negative Phrase,Enabled,,,,,,,,,,,,,,,,,,,,,,,
SVD - Parceiros,,,,,,,,Programa de Parceiros,Paused,6.00,,,,,,,,,,,,,,,,,,,,,,,,,,
SVD - Parceiros,,,,,,,,Programa de Parceiros,,6.00,sistema programa de parceiros,Phrase,Enabled,,,,,,,,,,,,,,,,,,,,,,,
SVD - Parceiros,,,,,,,,Programa de Parceiros,,6.00,software programa de indicacao,Phrase,Enabled,,,,,,,,,,,,,,,,,,,,,,,
SVD - Parceiros,,,,,,,,Programa de Parceiros,,6.00,sistema de indicacao de clientes,Phrase,Enabled,,,,,,,,,,,,,,,,,,,,,,,
SVD - Parceiros,,,,,,,,Programa de Parceiros,,6.00,plataforma member get member,Phrase,Enabled,,,,,,,,,,,,,,,,,,,,,,,
SVD - Parceiros,,,,,,,,Programa de Parceiros,,6.00,sistema para gestao de parceiros,Phrase,Enabled,,,,,,,,,,,,,,,,,,,,,,,
SVD - Parceiros,,,,,,,,Programa de Parceiros,,6.00,programa de indicacao para empresa,Phrase,Enabled,,,,,,,,,,,,,,,,,,,,,,,
SVD - Parceiros,,,,,,,,Programa de Parceiros,,,,,Paused,Responsive search ad,https://www.sistemavendadireta.com.br/oferta/parceiros/?utm_source=google&utm_medium=cpc&utm_campaign=instalacao-50off-parceiros,oferta,10-anos,Sistema p/ Parceiros,Indicação com Comissão,Cupom por Indicador,Até 40% OFF na Instalação,Escritório Virtual Incluso,Mensalidade desde R$ 500,Implantação Assistida por IA,Clientes em 5 Países,Loja Virtual Integrada,Comissões Automáticas,À Vista por R$ 3.000,Migramos seu Sistema Atual,Promoção 10 Anos SVD,Sua Marca e seu Domínio,Orçamento pelo WhatsApp,Parceiros com link e cupom próprios: o sistema rastreia indicações e paga as comissões.,Promoção 10 Anos: R$ 3.500 em 2x ou R$ 3.000 à vista até 31/08. Mensalidade sob medida.,"Regras editáveis, extrato transparente e pagamento sem planilha.","Parametrizamos seu plano de negócio: binário, unilevel ou comissão por cargo."
